Sensor, CurrentTimeMs, SensorTimestampNano, X, Y, Z
android.sensor.accelerometer,1523469102435,14790240964579,0.22026655,8.6095495,4.76925
android.sensor.accelerometer,1523469102450,14790260955204,0.009576807,8.571242,4.673482
android.sensor.accelerometer,1523469102470,14790280978641,-0.019153614,8.590396,4.6160207
android.sensor.accelerometer,1523469102490,14790300969266,-0.10534488,8.599973,4.711789
android.sensor.accelerometer,1523469102510,14790320959891,-0.22026655,8.485051,4.9320555
android.sensor.accelerometer,1523469102530,14790340950516,-0.16280572,8.437167,5.0278234
android.sensor.accelerometer,1523469102550,14790360972391,-0.095768064,8.456321,4.7884035
android.sensor.accelerometer,1523469102570,14790380963016,-0.21068975,8.39886,4.596867
android.sensor.accelerometer,1523469102590,14790400955204,-0.31603462,8.37013,4.596867
android.sensor.accelerometer,1523469102610,14790420977079,-0.29688102,8.379706,4.9320555
android.sensor.accelerometer,1523469102630,14790440967704,-0.17238252,8.360553,5.2959743
android.sensor.accelerometer,1523469102650,14790460958329,-0.08619126,8.360553,5.0374002
android.sensor.accelerometer,1523469102670,14790480981766,-0.06703765,8.42759,4.5298295
android.sensor.accelerometer,1523469102690,14790500972391,-0.16280572,8.446744,4.548983
android.sensor.accelerometer,1523469102710,14790520963016,-0.17238252,8.379706,4.807557
android.sensor.accelerometer,1523469102730,14790540953641,-0.02873042,8.408437,5.133168
android.sensor.accelerometer,1523469102750,14790560975516,0.019153614,8.504205,5.2002063
android.sensor.accelerometer,1523469102770,14790580967704,0.047884032,8.6574335,4.8745947
android.sensor.accelerometer,1523469102790,14790600958329,0.18195933,8.983045,4.6351743
android.sensor.accelerometer,1523469102810,14790620980204,0.02873042,9.461885,4.644751
android.sensor.accelerometer,1523469102830,14790640970829,-0.5554548,10.783484,5.056554
android.sensor.accelerometer,1523469102850,14790660961454,-2.3463178,13.206416,7.393295
android.sensor.accelerometer,1523469102870,14790680953641,-3.074155,14.384364,8.063671
android.sensor.accelerometer,1523469102890,14790700975516,-4.7788267,15.351622,8.532935
android.sensor.accelerometer,1523469102910,14790720966141,-7.632715,15.437813,10.726024
android.sensor.accelerometer,1523469102930,14790740956766,-9.672575,14.365211,12.832921
android.sensor.accelerometer,1523469102950,14790760978641,-10.237606,12.363658,12.210428
android.sensor.accelerometer,1523469102970,14790780970829,-10.189722,9.557653,9.375694
android.sensor.accelerometer,1523469102990,14790800961454,-10.381259,6.205771,6.3206925
android.sensor.accelerometer,1523469103010,14790820952079,-11.070788,3.074155,3.8881836
android.sensor.accelerometer,1523469103031,14790840973954,-9.672575,0.19153613,3.083732
android.sensor.accelerometer,1523469103051,14790860964579,-8.599973,-2.183512,2.719813
android.sensor.accelerometer,1523469103071,14790880955204,-5.5258174,-3.1124623,2.9400797
android.sensor.accelerometer,1523469103091,14790900978641,-0.6607997,-3.3423057,3.7349546
android.sensor.accelerometer,1523469103111,14790920969266,3.217807,-2.7964275,4.405331
android.sensor.accelerometer,1523469103131,14790940959891,5.2385135,-2.5474305,4.4819455
android.sensor.accelerometer,1523469103151,14790960950516,5.583278,-2.777274,3.9360676
android.sensor.accelerometer,1523469103171,14790980972391,6.081272,-1.9632454,3.6008794
android.sensor.accelerometer,1523469103191,14791000963016,6.9144545,-1.3311762,4.5872903
android.sensor.accelerometer,1523469103211,14791020955204,6.7612257,-0.7086837,5.2480903
android.sensor.accelerometer,1523469103231,14791040977079,7.603985,0.18195933,5.889736
android.sensor.accelerometer,1523469103251,14791060967704,9.787497,1.685518,7.038953
android.sensor.accelerometer,1523469103271,14791080958329,11.779472,2.719813,8.207323
android.sensor.accelerometer,1523469103291,14791100980204,13.148955,3.8307228,7.920019
android.sensor.accelerometer,1523469103311,14791120972391,13.637373,3.763685,7.6231384
android.sensor.accelerometer,1523469103331,14791140963016,11.84651,4.2521024,7.824251
android.sensor.accelerometer,1523469103351,14791160953641,9.739613,4.5777135,7.345411
android.sensor.accelerometer,1523469103371,14791180975516,7.929596,4.596867,7.019799
android.sensor.accelerometer,1523469103391,14791200967704,5.851429,3.8786068,6.8091097
android.sensor.accelerometer,1523469103411,14791220958329,2.8921957,2.9496565,7.1634517
android.sensor.accelerometer,1523469103431,14791240980204,-0.7086837,3.5338416,7.5944076
android.sensor.accelerometer,1523469103451,14791260970829,-3.0262709,3.8115692,9.337387
android.sensor.accelerometer,1523469103471,14791280961454,-4.606444,4.721366,11.262324
android.sensor.accelerometer,1523469103491,14791300953641,-4.9416323,4.711789,12.938266
android.sensor.accelerometer,1523469103511,14791320975516,-4.1180267,5.161899,12.469003
android.sensor.accelerometer,1523469103531,14791340966141,-3.8786068,7.0006456,11.329363
android.sensor.accelerometer,1523469103551,14791360956766,-3.9935284,9.615114,10.745177
android.sensor.accelerometer,1523469103571,14791380978641,-2.6048915,11.492168,12.239159
android.sensor.accelerometer,1523469103591,14791400969266,-3.265691,14.068329,15.05474
android.sensor.accelerometer,1523469103611,14791420961454,-4.6351743,15.610195,17.257406
android.sensor.accelerometer,1523469103631,14791440952079,-5.0374002,16.452953,18.50239
android.sensor.accelerometer,1523469103651,14791460973954,-6.2345014,16.338032,18.50239
android.sensor.accelerometer,1523469103671,14791480964579,-8.255207,14.958972,17.832014
android.sensor.accelerometer,1523469103691,14791500955204,-7.728483,13.378799,17.774553
android.sensor.accelerometer,1523469103711,14791520978641,-4.903325,12.631808,16.807297
android.sensor.accelerometer,1523469103731,14791540969266,-1.541866,12.421119,16.682798
android.sensor.accelerometer,1523469103751,14791560959891,1.7908629,11.051635,18.109741
android.sensor.accelerometer,1523469103771,14791580950516,5.171476,9.021352,18.416199
android.sensor.accelerometer,1523469103791,14791600973954,7.07726,7.0581064,16.452953
android.sensor.accelerometer,1523469103811,14791620964579,3.8786068,4.951209,16.117765
android.sensor.accelerometer,1523469103831,14791640955204,3.083732,3.074155,17.075447
android.sensor.accelerometer,1523469103851,14791660977079,5.851429,1.0726024,15.600618
android.sensor.accelerometer,1523469103871,14791680967704,8.686164,0.59376204,12.603078
android.sensor.accelerometer,1523469103891,14791700959891,9.165004,0.7182605,11.003751
android.sensor.accelerometer,1523469103911,14791720981766,7.326257,-0.38307226,11.769896
android.sensor.accelerometer,1523469103931,14791740972391,3.8402996,-1.13964,12.631808
android.sensor.accelerometer,1523469103951,14791760963016,1.9440918,-1.8004397,11.808203
android.sensor.accelerometer,1523469103971,14791780953641,1.6376339,-1.091756,9.3182335
android.sensor.accelerometer,1523469103991,14791800977079,2.3463178,0.6991069,7.431602
android.sensor.accelerometer,1523469104011,14791820967704,3.074155,1.8579005,7.067683
android.sensor.accelerometer,1523469104031,14791840958329,2.231396,2.5953147,7.97748
android.sensor.accelerometer,1523469104051,14791860980204,1.2354081,2.767697,9.021352
android.sensor.accelerometer,1523469104071,14791880970829,1.283292,2.8921957,9.14585
android.sensor.accelerometer,1523469104091,14791900963016,1.3120226,3.667917,9.730036
android.sensor.accelerometer,1523469104111,14791920953641,1.3215994,4.55856,10.352529
android.sensor.accelerometer,1523469104131,14791940975516,1.541866,5.00867,9.433155
android.sensor.accelerometer,1523469104151,14791960966141,1.532289,5.267244,8.073248
android.sensor.accelerometer,1523469104171,14791980956766,1.3694834,5.315128,8.1881695
android.sensor.accelerometer,1523469104191,14792000978641,0.92895025,5.171476,9.691729
android.sensor.accelerometer,1523469104211,14792020970829,0.08619126,4.8841715,10.352529
android.sensor.accelerometer,1523469104231,14792040961454,-0.9768343,4.232949,9.653421
android.sensor.accelerometer,1523469104251,14792060952079,-1.7812861,4.3861775,11.999739
android.sensor.accelerometer,1523469104270,14792080973954,-1.1779473,5.449203,8.647857
android.sensor.accelerometer,1523469104290,14792100964579,0.6703765,5.3438582,6.991069
android.sensor.accelerometer,1523469104310,14792120956766,0.5363012,5.1235914,8.7053175
android.sensor.accelerometer,1523469104330,14792140978641,-0.48841715,4.7500963,10.46745
android.sensor.accelerometer,1523469104352,14792160969266,-0.2777274,4.309563,11.856087
