Sensor, CurrentTimeMs, SensorTimestampNano, X, Y, Z
android.sensor.accelerometer,1523469124174,14811980953641,-0.29688102,5.410896,8.552089
android.sensor.accelerometer,1523469124190,14812000977079,-0.33518824,5.4683566,8.207323
android.sensor.accelerometer,1523469124210,14812020967704,-0.06703765,5.449203,7.8050976
android.sensor.accelerometer,1523469124230,14812040958329,-0.076614454,5.5162406,8.2169
android.sensor.accelerometer,1523469124250,14812060980204,-0.2681506,5.4779334,8.264784
android.sensor.accelerometer,1523469124270,14812080970829,-0.30645782,5.4683566,8.1881695
android.sensor.accelerometer,1523469124290,14812100963016,-0.18195933,5.449203,8.485051
android.sensor.accelerometer,1523469124310,14812120953641,-0.18195933,5.4300494,8.303091
android.sensor.accelerometer,1523469124330,14812140975516,-0.22026655,5.497087,7.824251
android.sensor.accelerometer,1523469124350,14812160966141,-0.11492168,5.45878,7.967903
android.sensor.accelerometer,1523469124370,14812180956766,-0.10534488,5.544971,8.1881695
android.sensor.accelerometer,1523469124390,14812200980204,-0.4309563,5.746084,8.418014
android.sensor.accelerometer,1523469124410,14812220970829,-1.1587936,6.8186865,8.820239
android.sensor.accelerometer,1523469124430,14812240961454,-0.19153613,8.916007,11.836933
android.sensor.accelerometer,1523469124450,14812260952079,0.9959879,11.903971,21.538239
android.sensor.accelerometer,1523469124470,14812280973954,16.64449,15.50485,29.467834
android.sensor.accelerometer,1523469124490,14812300964579,29.132647,11.386824,17.420212
android.sensor.accelerometer,1523469124510,14812320956766,12.239159,3.9264908,-1.8291701
android.sensor.accelerometer,1523469124530,14812340978641,-20.312407,-4.654328,-15.131354
android.sensor.accelerometer,1523469124550,14812360969266,-34.955345,-8.734048,-9.394848
android.sensor.accelerometer,1523469124570,14812380959891,-31.038431,-10.553641,-5.8322754
android.sensor.accelerometer,1523469124590,14812400952079,-19.929335,-8.839393,-10.400413
android.sensor.accelerometer,1523469124610,14812420973954,10.055647,0.16280572,3.4284968
android.sensor.accelerometer,1523469124630,14812440964579,41.343075,12.880805,26.393679
android.sensor.accelerometer,1523469124650,14812460955204,45.307873,19.843143,34.294544
android.sensor.accelerometer,1523469124670,14812480977079,35.56826,17.017986,20.532673
android.sensor.accelerometer,1523469124690,14812500967704,19.651608,8.130709,-2.231396
android.sensor.accelerometer,1523469124710,14812520959891,-4.5681367,-1.3982137,-12.53604
android.sensor.accelerometer,1523469124730,14812540950516,-23.587675,-10.314221,-16.49126
android.sensor.accelerometer,1523469124750,14812560972391,-41.649532,-12.823344,-8.820239
android.sensor.accelerometer,1523469124770,14812580963016,-42.482716,-12.832921,2.2888567
android.sensor.accelerometer,1523469124790,14812600953641,-16.663643,-9.165004,-1.043872
android.sensor.accelerometer,1523469124810,14812620977079,25.723303,10.601525,4.405331
android.sensor.accelerometer,1523469124830,14812640967704,47.520115,22.16073,15.150508
android.sensor.accelerometer,1523469124850,14812660958329,47.204082,24.650702,22.476765
android.sensor.accelerometer,1523469124870,14812680980204,27.437551,17.420212,12.727576
android.sensor.accelerometer,1523469124890,14812700970829,9.5385,7.086837,-6.196194
android.sensor.accelerometer,1523469124910,14812720963016,-9.720459,-3.6391866,-15.045163
android.sensor.accelerometer,1523469124930,14812740953641,-31.48854,-10.907983,-9.739613
android.sensor.accelerometer,1523469124950,14812760975516,-44.74284,-12.679692,5.0374002
android.sensor.accelerometer,1523469124970,14812780966141,-29.917944,-11.865664,4.1276035
android.sensor.accelerometer,1523469124990,14812800956766,2.7868507,-4.223372,-4.6926355
android.sensor.accelerometer,1523469125010,14812820978641,25.70415,10.94629,1.9057846
android.sensor.accelerometer,1523469125030,14812840970829,45.02057,21.844696,13.263878
android.sensor.accelerometer,1523469125050,14812860961454,44.95353,24.22932,20.09214
android.sensor.accelerometer,1523469125070,14812880952079,28.67296,17.583017,10.43872
android.sensor.accelerometer,1523469125090,14812900975516,14.384364,7.6614456,-3.8307228
android.sensor.accelerometer,1523469125110,14812920964579,-1.0534488,-3.0071173,-5.0757074
android.sensor.accelerometer,1523469125130,14812940956766,-27.50459,-12.038046,-0.32561144
android.sensor.accelerometer,1523469125150,14812960978641,-31.364042,-11.980585,4.050989
android.sensor.accelerometer,1523469125170,14812980969266,-21.097706,-9.749189,2.9783869
android.sensor.accelerometer,1523469125190,14813000959891,-8.293514,-5.717354,3.4763808
android.sensor.accelerometer,1523469125210,14813020950516,4.76925,0.33518824,5.6790466
android.sensor.accelerometer,1523469125230,14813040973954,25.321077,12.6222315,11.137826
android.sensor.accelerometer,1523469125250,14813060964579,44.33104,25.905262,7.8529816
android.sensor.accelerometer,1523469125270,14813080955204,38.29765,29.60191,6.5505357
android.sensor.accelerometer,1523469125290,14813100977079,24.056938,23.999477,9.615114
android.sensor.accelerometer,1523469125310,14813120969266,9.931149,13.819332,6.435614
android.sensor.accelerometer,1523469125330,14813140959891,-6.9048777,5.046977,-0.7565677
android.sensor.accelerometer,1523469125350,14813160950516,-24.133553,-0.23942018,1.7429788
android.sensor.accelerometer,1523469125370,14813180972391,-36.832397,-1.8195933,8.695741
android.sensor.accelerometer,1523469125390,14813200963016,-32.24511,-1.3120226,8.695741
android.sensor.accelerometer,1523469125410,14813220953641,-10.773908,4.453215,6.742072
android.sensor.accelerometer,1523469125430,14813240977079,10.04607,16.97968,16.950949
android.sensor.accelerometer,1523469125450,14813260967704,50.02924,20.101717,21.528662
android.sensor.accelerometer,1523469125470,14813280958329,39.312794,12.53604,14.480132
android.sensor.accelerometer,1523469125490,14813300980204,10.419566,1.5131354,-2.0015526
android.sensor.accelerometer,1523469125510,14813320972391,-6.83784,-7.747637,-17.669209
android.sensor.accelerometer,1523469125530,14813340963016,-22.55338,-13.905523,-23.807941
android.sensor.accelerometer,1523469125550,14813360953641,-38.498764,-17.00841,-17.640478
android.sensor.accelerometer,1523469125570,14813380975516,-35.913025,-18.05228,-14.077906
android.sensor.accelerometer,1523469125590,14813400966141,-9.643845,-15.964537,-6.349423
android.sensor.accelerometer,1523469125610,14813420958329,5.410896,-10.898406,0.0
android.sensor.accelerometer,1523469125630,14813440980204,22.850262,-6.4739213,14.681245
android.sensor.accelerometer,1523469125650,14813460970829,26.949135,-3.3135753,24.574087
android.sensor.accelerometer,1523469125670,14813480961454,9.423578,-4.3287168,23.501484
android.sensor.accelerometer,1523469125690,14813500952079,-1.934515,-7.153875,16.692375
android.sensor.accelerometer,1523469125710,14813520973954,-5.209783,-8.42759,33.59544
android.sensor.accelerometer,1523469125730,14813540966141,2.1164744,-2.384625,51.120995
android.sensor.accelerometer,1523469125750,14813560956766,8.504205,3.9360676,38.36469
android.sensor.accelerometer,1523469125770,14813580978641,15.619772,10.208876,-6.3589997
android.sensor.accelerometer,1523469125790,14813600969266,15.68681,15.20797,-14.15452
android.sensor.accelerometer,1523469125810,14813620961454,15.313314,19.689915,-10.160992
android.sensor.accelerometer,1523469125830,14813640952079,17.563864,19.077,-3.821146
android.sensor.accelerometer,1523469125850,14813660973954,18.588581,12.26789,-1.5610195
android.sensor.accelerometer,1523469125870,14813680964579,14.891934,4.223372,0.40222588
android.sensor.accelerometer,1523469125890,14813700955204,-4.548983,-4.1276035,1.1779473
android.sensor.accelerometer,1523469125910,14813720977079,-37.588966,-5.2480903,-3.5338416
android.sensor.accelerometer,1523469125930,14813740969266,-41.726147,-3.9073372,-4.414908
android.sensor.accelerometer,1523469125950,14813760959891,-17.06587,-7.8529816,14.824897
android.sensor.accelerometer,1523469125970,14813780950516,32.369606,-6.445191,17.851168
android.sensor.accelerometer,1523469125990,14813800972391,51.456184,-0.5746084,14.403518
android.sensor.accelerometer,1523469126010,14813820963016,52.854397,3.3614593,2.078167
android.sensor.accelerometer,1523469126030,14813840955204,28.605923,1.6472107,7.3166804
android.sensor.accelerometer,1523469126050,14813860977079,11.166556,-0.9864111,6.6367273
android.sensor.accelerometer,1523469126070,14813880967704,-0.7661445,-1.5610195,6.981492
android.sensor.accelerometer,1523469126090,14813900958329,-27.246016,-5.6215854,8.963891
android.sensor.accelerometer,1523469126110,14813920981766,-32.14934,-9.356541,7.4124484
android.sensor.accelerometer,1523469126130,14813940972391,-16.213533,-12.765883,2.27928
android.sensor.accelerometer,1523469126150,14813960963016,6.646304,-11.310209,-1.532289
android.sensor.accelerometer,1523469126170,14813980953641,34.34243,-6.742072,-12.315774
android.sensor.accelerometer,1523469126190,14814000975516,52.375557,1.0151415,-24.123976
android.sensor.accelerometer,1523469126210,14814020967704,30.626629,0.9959879,-6.9240313
android.sensor.accelerometer,1523469126230,14814040958329,11.21444,-0.23942018,12.785037
android.sensor.accelerometer,1523469126250,14814060980204,14.18325,4.0701427,23.884556
android.sensor.accelerometer,1523469126270,14814080970829,13.072341,3.7062242,13.579912
android.sensor.accelerometer,1523469126290,14814100961454,1.5514427,0.4213795,-3.7062242
android.sensor.accelerometer,1523469126310,14814120953641,-7.747637,-0.2681506,-3.9839516
android.sensor.accelerometer,1523469126330,14814140975516,-11.233594,2.2218192,8.628703
android.sensor.accelerometer,1523469126350,14814160966141,-11.769896,4.2904096,13.024457
android.sensor.accelerometer,1523469126370,14814180956766,-12.976573,1.2354081,6.0716953
android.sensor.accelerometer,1523469126390,14814200978641,-12.50731,0.94810385,1.4652514
android.sensor.accelerometer,1523469126410,14814220970829,9.586384,-5.899313,6.83784
android.sensor.accelerometer,1523469126430,14814240961454,27.839777,-7.3166804,44.64707
android.sensor.accelerometer,1523469126450,14814260952079,35.980064,-4.9224787,66.43431
android.sensor.accelerometer,1523469126470,14814280973954,21.729774,-7.9583263,27.734432
android.sensor.accelerometer,1523469126490,14814300964579,8.274361,-5.00867,6.789956
android.sensor.accelerometer,1523469126510,14814320956766,2.3558946,-1.6472107,-5.0278234
android.sensor.accelerometer,1523469126530,14814340978641,-6.0238113,-0.90021986,-10.007763
android.sensor.accelerometer,1523469126550,14814360969266,-20.379444,-1.8195933,-2.528277
android.sensor.accelerometer,1523469126570,14814380959891,-33.672054,-2.3654714,10.247183
android.sensor.accelerometer,1523469126590,14814400950516,-29.707254,-9.5385,-0.4405331
android.sensor.accelerometer,1523469126610,14814420972391,17.286137,-8.082825,-34.725502
android.sensor.accelerometer,1523469126630,14814440964579,54.31965,4.3861775,-32.3313
android.sensor.accelerometer,1523469126650,14814460955204,34.198776,-2.2026656,-1.6567876
android.sensor.accelerometer,1523469126670,14814480977079,7.07726,-4.721366,-4.453215
android.sensor.accelerometer,1523469126690,14814500967704,0.93852705,-1.3503298,-3.7924154
android.sensor.accelerometer,1523469126710,14814520959891,2.7389667,-0.36391866,-6.5218053
android.sensor.accelerometer,1523469126730,14814540981766,-12.363658,-3.6966474,-7.6710224
android.sensor.accelerometer,1523469126750,14814560972391,-16.587029,-1.340753,9.931149
android.sensor.accelerometer,1523469126770,14814580963016,-5.7748146,4.223372,23.319525
android.sensor.accelerometer,1523469126790,14814600953641,1.2354081,6.9527617,8.695741
android.sensor.accelerometer,1523469126810,14814620977079,3.5434184,7.1155677,-2.9783869
android.sensor.accelerometer,1523469126830,14814640967704,1.1300632,6.4164605,2.2409728
android.sensor.accelerometer,1523469126850,14814660958329,0.7661445,4.8745947,15.198392
android.sensor.accelerometer,1523469126870,14814680980204,2.2218192,4.9895163,28.09835
android.sensor.accelerometer,1523469126890,14814700970829,0.10534488,4.367024,24.286781
android.sensor.accelerometer,1523469126910,14814720961454,-3.371036,4.4244847,7.5561004
android.sensor.accelerometer,1523469126930,14814740953641,1.1875241,5.1523223,-6.2632318
android.sensor.accelerometer,1523469126951,14814760975516,3.6774938,6.0621185,0.0
android.sensor.accelerometer,1523469126970,14814780966141,3.9839516,5.9280434,9.624691
android.sensor.accelerometer,1523469126990,14814800956766,4.960786,6.129156,13.273455
android.sensor.accelerometer,1523469127010,14814820980204,4.759673,6.291962,11.951855
android.sensor.accelerometer,1523469127031,14814840970829,5.9759274,5.765238,1.6089035
android.sensor.accelerometer,1523469127050,14814860961454,5.2768207,7.019799,2.96881
android.sensor.accelerometer,1523469127070,14814880952079,8.082825,6.4260373,5.305551
android.sensor.accelerometer,1523469127090,14814900973954,7.2687964,6.38773,4.261679
