Sensor, CurrentTimeMs, SensorTimestampNano, X, Y, Z
android.sensor.accelerometer,1539034610075,84792514342593,-2.3998096,2.4525,10.0063925
android.sensor.accelerometer,1539034610094,84792534283713,-1.7435743,2.5818312,9.374106
android.sensor.accelerometer,1539034610114,84792554224900,-1.7723145,2.7590625,9.479487
android.sensor.accelerometer,1539034610134,84792574166020,-1.3891114,2.7686427,9.239985
android.sensor.accelerometer,1539034610154,84792594107268,-0.977168,3.1566358,9.235196
android.sensor.accelerometer,1539034610174,84792614048388,-1.8824854,3.2093263,9.594449
android.sensor.accelerometer,1539034610194,84792633989636,-2.7015822,3.2524366,9.929751
android.sensor.accelerometer,1539034610214,84792653938175,-2.327959,3.2668068,9.532178
android.sensor.accelerometer,1539034610234,84792673879551,-1.2070899,3.300337,8.885523
android.sensor.accelerometer,1539034610254,84792693820799,-0.82388675,3.3099172,9.115445
android.sensor.accelerometer,1539034610275,84792713762175,-1.0154883,3.2524366,9.944121
android.sensor.accelerometer,1539034610293,84792733703551,-1.22146,3.3626075,10.408755
android.sensor.accelerometer,1539034610314,84792753651536,-1.2645704,3.4967287,10.298584
android.sensor.accelerometer,1539034610334,84792773593040,-1.101709,3.5206788,9.623189
android.sensor.accelerometer,1539034610353,84792793534544,-0.91010743,3.4488282,9.048384
android.sensor.accelerometer,1539034610373,84792813475920,-0.9484278,3.4057178,8.981323
android.sensor.accelerometer,1539034610393,84792833417424,-0.86220706,3.410508,9.038804
android.sensor.accelerometer,1539034610413,84792853357240,-0.98195803,3.5206788,9.153765
android.sensor.accelerometer,1539034610433,84792873298744,-1.3220508,3.5925295,9.115445
android.sensor.accelerometer,1539034610453,84792893240120,-1.6813037,3.515889,9.201666
android.sensor.accelerometer,1539034610473,84792913181624,-1.8920655,2.955454,9.273516
android.sensor.accelerometer,1539034610493,84792933123128,-2.44292,1.3891114,9.896221
android.sensor.accelerometer,1539034610513,84792953056653,-3.2524366,-0.8286768,10.796748
android.sensor.accelerometer,1539034610533,84792972997901,-3.7074904,-3.0416749,12.506792
android.sensor.accelerometer,1539034610553,84792992939277,-3.788921,-4.5792775,14.62399
android.sensor.accelerometer,1539034610572,84793012880525,-3.7985013,-5.623506,16.391514
android.sensor.accelerometer,1539034610592,84793032821901,-3.5254688,-6.327642,18.068027
android.sensor.accelerometer,1539034610612,84793052765386,-2.936294,-6.6102543,18.087189
android.sensor.accelerometer,1539034610632,84793072706762,-2.567461,-6.591094,15.87419
android.sensor.accelerometer,1539034610652,84793092648138,-2.9698243,-6.3084817,13.493541
android.sensor.accelerometer,1539034610674,84793112589514,-4.2008643,-5.8198977,13.642032
android.sensor.accelerometer,1539034610694,84793132530890,-4.5074267,-4.9241605,13.163028
android.sensor.accelerometer,1539034610715,84793152468261,-5.733677,-4.7086086,12.449312
android.sensor.accelerometer,1539034610733,84793172409509,-7.3575,-5.872588,14.307847
android.sensor.accelerometer,1539034610754,84793192350757,-6.5048733,-7.5059915,14.67189
android.sensor.accelerometer,1539034610776,84793212292133,-5.949229,-8.387359,15.083834
android.sensor.accelerometer,1539034610794,84793232233381,-5.221143,-8.406519,18.853594
android.sensor.accelerometer,1539034610814,84793252171586,-2.7973828,-9.522598,24.108267
android.sensor.accelerometer,1539034610834,84793272112706,0.32572266,-11.749967,23.23648
android.sensor.accelerometer,1539034610854,84793292053954,2.7686427,-13.37858,16.381935
android.sensor.accelerometer,1539034610874,84793311995202,2.44771,-14.025235,11.261382
android.sensor.accelerometer,1539034610894,84793331936450,1.2502003,-14.978453,8.195757
android.sensor.accelerometer,1539034610914,84793351876765,0.0047900393,-16.238234,5.585186
android.sensor.accelerometer,1539034610934,84793371818013,-0.60354495,-18.26442,3.0129347
android.sensor.accelerometer,1539034610954,84793391759133,3.3147073,-17.25851,-7.4916215
android.sensor.accelerometer,1539034610974,84793411700381,4.2343946,-14.413228,-12.894786
android.sensor.accelerometer,1539034610994,84793431641629,3.0129347,-15.735279,-6.495293
android.sensor.accelerometer,1539034611013,84793451577470,0.8143067,-19.011665,-5.733677
android.sensor.accelerometer,1539034611034,84793471518590,2.9889846,-18.513502,-20.55885
android.sensor.accelerometer,1539034611053,84793491459710,9.455538,-15.122154,-29.875475
android.sensor.accelerometer,1539034611073,84793511400830,13.766573,-11.079361,-29.200079
android.sensor.accelerometer,1539034611094,84793531341876,14.983243,-7.553892,-25.51175
android.sensor.accelerometer,1539034611114,84793551286817,18.42728,-1.2645704,-28.261232
android.sensor.accelerometer,1539034611134,84793571228065,20.621119,2.9650342,-27.710377
android.sensor.accelerometer,1539034611153,84793591169185,15.270645,2.2848487,-19.749332
android.sensor.accelerometer,1539034611174,84793611110305,5.398374,0.68976563,-14.025235
android.sensor.accelerometer,1539034611194,84793631051553,2.1459377,2.088457,-12.995377
android.sensor.accelerometer,1539034611214,84793650989814,5.3025737,3.66438,-13.004956
android.sensor.accelerometer,1539034611233,84793670930934,6.6916847,4.3062453,-12.482842
android.sensor.accelerometer,1539034611252,84793690872182,3.3338673,3.999683,-10.94524
android.sensor.accelerometer,1539034611273,84793710813302,0.7951465,3.420088,-8.464
android.sensor.accelerometer,1539034611294,84793730754422,3.4727786,3.8176613,-7.8652444
android.sensor.accelerometer,1539034611313,84793750691366,6.13604,4.1050634,-9.2256155
android.sensor.accelerometer,1539034611333,84793770632358,6.255791,3.9422023,-10.202784
android.sensor.accelerometer,1539034611352,84793790573350,4.5888577,3.6164796,-10.030342
android.sensor.accelerometer,1539034611373,84793810514470,2.6488917,3.7074904,-9.74773
android.sensor.accelerometer,1539034611392,84793830455462,3.5063088,4.1721244,-9.517808
android.sensor.accelerometer,1539034611412,84793850393338,5.1732426,4.493057,-8.387359
android.sensor.accelerometer,1539034611432,84793870334330,5.3313136,4.382886,-6.844966
android.sensor.accelerometer,1539034611452,84793890275194,5.240303,4.2056546,-6.06419
android.sensor.accelerometer,1539034611472,84793910216058,5.3025737,4.239185,-6.1647806
android.sensor.accelerometer,1539034611492,84793930156922,5.269043,4.3062453,-6.3228517
android.sensor.accelerometer,1539034611512,84793950097359,5.7480474,4.655918,-6.4186525
android.sensor.accelerometer,1539034611532,84793970038095,6.09772,4.9576907,-6.5144534
android.sensor.accelerometer,1539034611552,84793989978959,6.241421,4.8331494,-6.452183
android.sensor.accelerometer,1539034611572,84794009919823,6.2893214,4.6128078,-5.8198977
android.sensor.accelerometer,1539034611592,84794029860559,6.5048733,4.7325587,-5.1924024
android.sensor.accelerometer,1539034611612,84794049805135,6.7635355,4.8906302,-5.4606447
android.sensor.accelerometer,1539034611631,84794069746127,6.6821046,4.751719,-5.4606447
android.sensor.accelerometer,1539034611651,84794089686991,6.337222,4.4643164,-4.3014555
android.sensor.accelerometer,1539034611672,84794109627855,5.934859,4.3637257,-3.5781593
android.sensor.accelerometer,1539034611692,84794129568719,5.8821683,4.478687,-4.6990285
android.sensor.accelerometer,1539034611710,84794149507163,4.87626,5.7001467,-12.027788
android.sensor.accelerometer,1539034611729,84794169448027,5.848638,5.4366946,-11.649376
android.sensor.accelerometer,1539034611749,84794189388891,6.2270513,4.497847,-6.2941117
android.sensor.accelerometer,1539034611769,84794209329755,5.848638,4.0859036,-3.180586
