Sensor, CurrentTimeMs, SensorTimestampNano, X, Y, Z
android.sensor.accelerometer,1539034597618,84780051123780,-3.6308498,3.1853762,9.201666
android.sensor.accelerometer,1539034597633,84780071071835,-3.6548,3.1901662,9.172925
android.sensor.accelerometer,1539034597650,84780091012955,-3.5637891,3.1374757,9.105865
android.sensor.accelerometer,1539034597671,84780110954075,-3.4919386,3.1087356,9.053174
android.sensor.accelerometer,1539034597691,84780130895195,-3.6021094,3.1422658,9.115445
android.sensor.accelerometer,1539034597711,84780150836443,-3.5781593,3.1278956,9.230406
android.sensor.accelerometer,1539034597730,84780170782957,-3.439248,3.1326857,9.220825
android.sensor.accelerometer,1539034597750,84780190724205,-3.3482375,3.166216,9.077125
android.sensor.accelerometer,1539034597771,84780210665453,-3.3147073,3.2141163,8.938213
android.sensor.accelerometer,1539034597790,84780230606829,-3.3099172,3.2524366,8.923843
android.sensor.accelerometer,1539034597811,84780250548077,-3.1949563,3.1949563,8.933423
android.sensor.accelerometer,1539034597832,84780270495042,-2.663262,3.0416749,9.072334
android.sensor.accelerometer,1539034597850,84780290436418,-2.0118165,2.9506643,9.134604
android.sensor.accelerometer,1539034597870,84780310377794,-1.096919,2.7159522,9.081915
android.sensor.accelerometer,1539034597890,84780330319298,-0.32093263,2.5291407,9.422008
android.sensor.accelerometer,1539034597910,84780350260674,-0.11496094,2.0309765,9.929751
android.sensor.accelerometer,1539034597930,84780370202263,-0.119750984,0.8813672,10.413546
android.sensor.accelerometer,1539034597950,84780390143767,-0.37362307,-0.7568262,11.146421
android.sensor.accelerometer,1539034597970,84780410085143,-1.4034815,-2.6967921,11.697276
android.sensor.accelerometer,1539034597990,84780430026519,-2.8931837,-4.5457473,11.251802
android.sensor.accelerometer,1539034598010,84780449968023,-5.604346,-6.0450296,9.575289
android.sensor.accelerometer,1539034598030,84780469909806,-10.676997,-7.4820414,8.143066
android.sensor.accelerometer,1539034598050,84780489851310,-15.031143,-8.59333,9.560919
android.sensor.accelerometer,1539034598070,84780509792814,-17.430952,-8.449629,12.751084
android.sensor.accelerometer,1539034598090,84780529734190,-17.09086,-8.57417,13.014537
android.sensor.accelerometer,1539034598109,84780549675694,-13.43606,-8.832832,11.414663
android.sensor.accelerometer,1539034598129,84780569608445,-8.133487,-10.150093,8.976534
android.sensor.accelerometer,1539034598149,84780589549693,-3.3817677,-11.663746,9.72378
android.sensor.accelerometer,1539034598169,84780609490941,-0.4263135,-12.875626,14.336588
android.sensor.accelerometer,1539034598189,84780629432189,0.5412744,-13.479171,18.542242
android.sensor.accelerometer,1539034598209,84780649373437,0.20597169,-13.919854,20.266657
android.sensor.accelerometer,1539034598229,84780669317824,-0.7664063,-13.814473,21.655767
android.sensor.accelerometer,1539034598249,84780689259200,-1.8729054,-13.934224,22.743107
android.sensor.accelerometer,1539034598269,84780709200448,-2.955454,-15.241905,20.324137
android.sensor.accelerometer,1539034598289,84780729141824,-4.6990285,-17.694405,16.128061
android.sensor.accelerometer,1539034598309,84780749083200,-5.1828227,-21.334835,11.481724
android.sensor.accelerometer,1539034598329,84780769027928,-4.6750784,-25.047115,6.7395854
android.sensor.accelerometer,1539034598350,84780788969432,-1.8920655,-28.654015,1.2693604
android.sensor.accelerometer,1539034598369,84780808910808,5.5947657,-28.304342,-12.578643
android.sensor.accelerometer,1539034598389,84780828852184,9.388477,-24.24239,-20.281027
android.sensor.accelerometer,1539034598409,84780848793560,4.7133985,-18.767374,-14.355747
android.sensor.accelerometer,1539034598429,84780868728743,6.615044,-16.367563,-16.113691
android.sensor.accelerometer,1539034598448,84780888670119,9.7142,-12.870835,-26.378746
android.sensor.accelerometer,1539034598468,84780908611367,6.806646,-7.5155716,-28.198961
android.sensor.accelerometer,1539034598488,84780928552615,1.2981006,-3.0847852,-26.469757
android.sensor.accelerometer,1539034598508,84780948493991,2.184258,0.6706055,-33.223713
android.sensor.accelerometer,1539034598533,84780968429430,6.05461,3.894302,-35.51335
android.sensor.accelerometer,1539034598548,84780988370678,12.042159,4.88105,-25.075855
android.sensor.accelerometer,1539034598568,84781008311798,17.019009,4.976851,-13.766573
android.sensor.accelerometer,1539034598594,84781028252918,14.250367,5.1780324,-8.200547
android.sensor.accelerometer,1539034598608,84781048194166,6.466553,4.368516,-9.374106
android.sensor.accelerometer,1539034598628,84781068124924,0.033530276,4.272715,-13.871954
android.sensor.accelerometer,1539034598648,84781088065916,-0.56522465,4.87147,-14.892232
android.sensor.accelerometer,1539034598668,84781108006908,1.7962648,5.6522465,-12.851675
android.sensor.accelerometer,1539034598688,84781127947900,3.0895753,5.2882032,-10.447076
android.sensor.accelerometer,1539034598708,84781147888892,4.3397756,5.125342,-9.642349
android.sensor.accelerometer,1539034598729,84781167823490,6.1312504,5.240303,-10.935659
android.sensor.accelerometer,1539034598749,84781187764226,6.715635,5.130132,-11.6876955
android.sensor.accelerometer,1539034598769,84781207705090,6.485713,4.617598,-10.078242
android.sensor.accelerometer,1539034598790,84781227645826,6.1887307,3.8559816,-7.678433
android.sensor.accelerometer,1539034598810,84781247586690,6.3994923,3.2620168,-6.8928666
android.sensor.accelerometer,1539034598830,84781267523676,7.2521195,3.5637891,-6.6821046
android.sensor.accelerometer,1539034598851,84781287464412,7.3862405,3.8895118,-5.0918117
android.sensor.accelerometer,1539034598870,84781307405148,7.549102,3.2284865,-2.4620802
android.sensor.accelerometer,1539034598889,84781327345884,8.080796,3.415298,-0.3544629
android.sensor.accelerometer,1539034598909,84781347286620,7.683223,4.8379397,-0.1580713
android.sensor.accelerometer,1539034598930,84781367230501,6.2893214,5.973179,-1.8872755
android.sensor.accelerometer,1539034598949,84781387171237,3.3626075,6.476133,-2.0022364
android.sensor.accelerometer,1539034598969,84781407111973,1.8585353,6.758745,-1.7292042
android.sensor.accelerometer,1539034598989,84781427052709,2.2417383,6.9072366,-1.9112257
android.sensor.accelerometer,1539034599009,84781446996106,1.4992822,8.004155,-1.346001
android.sensor.accelerometer,1539034599029,84781466943144,1.1160791,8.57417,0.14370118
android.sensor.accelerometer,1539034599049,84781486884008,2.5099807,8.847202,1.1735597
android.sensor.accelerometer,1539034599069,84781506824872,4.0523734,9.484278,2.069297
android.sensor.accelerometer,1539034599089,84781526765736,3.5015187,9.872271,3.515889
android.sensor.accelerometer,1539034599109,84781546706472,2.5914114,9.800421,4.258345
android.sensor.accelerometer,1539034599129,84781566643764,3.3769777,9.74294,3.8464015
android.sensor.accelerometer,1539034599148,84781586584500,6.710845,10.054293,2.6009912
android.sensor.accelerometer,1539034599168,84781606525236,6.1791506,10.370435,3.2811768
android.sensor.accelerometer,1539034599188,84781626465844,3.2141163,10.106983,4.1864944
android.sensor.accelerometer,1539034599208,84781646406580,1.2741505,9.465117,4.416416
android.sensor.accelerometer,1539034599229,84781666350540,0.6227051,9.086704,5.724097
android.sensor.accelerometer,1539034599249,84781686291276,1.9878663,8.765772,7.702383
android.sensor.accelerometer,1539034599268,84781706232012,3.420088,8.875943,7.6209526
android.sensor.accelerometer,1539034599288,84781726172748,4.239185,9.326206,5.388794
android.sensor.accelerometer,1539034599308,84781746113484,3.0895753,9.469908,3.779341
android.sensor.accelerometer,1539034599328,84781766062228,2.3375392,9.393267,3.9278321
android.sensor.accelerometer,1539034599348,84781786003092,2.816543,9.216036,5.029541
android.sensor.accelerometer,1539034599370,84781805944084,3.0177248,8.794512,5.6522465
android.sensor.accelerometer,1539034599388,84781825884948,2.912344,8.53106,5.7815776
android.sensor.accelerometer,1539034599408,84781845825812,2.802173,8.51669,5.503755
android.sensor.accelerometer,1539034599428,84781865769839,2.926714,8.5119,5.350474
android.sensor.accelerometer,1539034599448,84781885710831,2.7638526,8.440049,5.2834134
android.sensor.accelerometer,1539034599466,84781905651823,2.3614893,8.459209,4.8091993
android.sensor.accelerometer,1539034599485,84781925592815,2.4045997,8.392149,4.2296047
android.sensor.accelerometer,1539034599505,84781945533935,2.6009912,8.281978,4.8044095
android.sensor.accelerometer,1539034599525,84781965480309,3.166216,8.171807,5.3025737
android.sensor.accelerometer,1539034599545,84781985421429,3.5063088,8.128696,5.6857767
android.sensor.accelerometer,1539034599566,84782005362677,3.2620168,8.167017,5.7863674
