Sensor, CurrentTimeMs, SensorTimestampNano, X, Y, Z
android.sensor.accelerometer,1539034548745,84731176025676,5.1636624,7.951465,2.811753
android.sensor.accelerometer,1539034548755,84731195966156,5.0199614,7.9466753,2.9746144
android.sensor.accelerometer,1539034548776,84731215901668,5.221143,7.9802055,3.2141163
android.sensor.accelerometer,1539034548795,84731235842020,5.388794,8.028106,3.171006
android.sensor.accelerometer,1539034548816,84731255782372,5.3792143,8.147857,2.692002
android.sensor.accelerometer,1539034548835,84731275722724,5.144502,8.286768,2.3614893
android.sensor.accelerometer,1539034548855,84731295663204,5.1684523,8.315508,2.682422
android.sensor.accelerometer,1539034548876,84731315594675,5.3169436,8.296348,2.9027638
android.sensor.accelerometer,1539034548895,84731335534899,5.2929935,8.459209,3.0943654
android.sensor.accelerometer,1539034548915,84731355475123,5.484595,8.923843,3.290757
android.sensor.accelerometer,1539034548935,84731375415347,5.4989653,9.455538,3.4248781
android.sensor.accelerometer,1539034548955,84731395355571,6.08814,9.580078,3.0991554
android.sensor.accelerometer,1539034548975,84731415290962,7.6353226,10.054293,3.0129347
android.sensor.accelerometer,1539034548995,84731435231058,8.406519,10.001602,2.6201515
android.sensor.accelerometer,1539034549015,84731455171154,8.008945,9.958491,2.548301
android.sensor.accelerometer,1539034549035,84731475111250,6.495293,9.489068,2.3135889
android.sensor.accelerometer,1539034549055,84731495051346,5.757627,8.818462,1.1400293
android.sensor.accelerometer,1539034549075,84731514995061,4.8427296,8.305928,-0.17723145
android.sensor.accelerometer,1539034549095,84731534935157,2.3566992,7.6113725,-1.0825489
android.sensor.accelerometer,1539034549115,84731554875381,0.05269043,7.0509377,-1.5328126
android.sensor.accelerometer,1539034549135,84731574815477,-1.7531544,6.456973,-2.4141798
android.sensor.accelerometer,1539034549155,84731594755573,-3.3290772,5.6426663,-3.420088
android.sensor.accelerometer,1539034549175,84731614700606,-4.89542,5.0343313,-3.5015187
android.sensor.accelerometer,1539034549195,84731634640830,-6.1791506,4.4451566,-3.0799952
android.sensor.accelerometer,1539034549214,84731654581054,-6.0306597,3.8224514,-3.0799952
android.sensor.accelerometer,1539034549234,84731674521278,-4.4451566,3.1374757,-3.0081446
android.sensor.accelerometer,1539034549254,84731694461502,-2.7494826,2.9985645,-1.6334034
android.sensor.accelerometer,1539034549275,84731714406242,-2.0118165,2.5004005,0.25387207
android.sensor.accelerometer,1539034549294,84731734346466,-0.9484278,2.0309765,1.4801221
android.sensor.accelerometer,1539034549314,84731754286690,0.8861573,0.9244776,1.7004639
android.sensor.accelerometer,1539034549334,84731774226914,4.756509,-0.244292,1.9016455
android.sensor.accelerometer,1539034549354,84731794167266,7.7454934,-0.613125,2.802173
android.sensor.accelerometer,1539034549374,84731814104619,11.318863,-0.6706055,3.300337
android.sensor.accelerometer,1539034549394,84731834044843,13.522281,0.25866213,3.5110989
android.sensor.accelerometer,1539034549414,84731853985067,12.051739,0.71371585,2.7015822
android.sensor.accelerometer,1539034549434,84731873925163,12.12838,0.6179151,-0.90052736
android.sensor.accelerometer,1539034549454,84731893865387,14.57609,0.8430469,-3.5925295
android.sensor.accelerometer,1539034549474,84731913805452,16.554377,1.2549903,-5.360054
android.sensor.accelerometer,1539034549494,84731933745548,16.247812,3.0895753,-7.573052
android.sensor.accelerometer,1539034549513,84731953685772,13.225299,3.9709425,-10.662627
android.sensor.accelerometer,1539034549533,84731973625868,11.9128275,4.3206153,-12.12838
android.sensor.accelerometer,1539034549553,84731993566092,13.843213,3.1087356,-11.112891
android.sensor.accelerometer,1539034549573,84732013513056,16.022682,1.705254,-5.5468655
android.sensor.accelerometer,1539034549594,84732033453408,19.078726,2.2369483,0.6562354
android.sensor.accelerometer,1539034549615,84732053393632,24.41962,2.2944288,1.5328126
android.sensor.accelerometer,1539034549633,84732073333856,26.177565,1.2454102,-1.3939015
android.sensor.accelerometer,1539034549653,84732093274208,25.353678,-0.9053174,-1.3603711
android.sensor.accelerometer,1539034549673,84732113213761,25.789572,-4.167334,3.4440382
android.sensor.accelerometer,1539034549693,84732133154113,29.022848,-7.0413575,6.342012
android.sensor.accelerometer,1539034549713,84732153094337,32.213013,-8.200547,4.2200246
android.sensor.accelerometer,1539034549733,84732173034561,32.95068,-9.249566,-0.09101075
android.sensor.accelerometer,1539034549753,84732192974913,27.906769,-10.485396,-5.0582814
android.sensor.accelerometer,1539034549773,84732212917837,20.429518,-9.920172,-7.3096
android.sensor.accelerometer,1539034549793,84732232858189,16.209494,-8.392149,-6.3132715
android.sensor.accelerometer,1539034549812,84732252798541,22.786217,-7.913145,-6.5719337
android.sensor.accelerometer,1539034549833,84732272738893,22.642515,-7.2281694,-5.872588
android.sensor.accelerometer,1539034549852,84732292679245,12.775035,-7.6592727,-0.24908204
android.sensor.accelerometer,1539034549872,84732312620328,9.364527,-10.015972,3.7170706
android.sensor.accelerometer,1539034549892,84732332560680,17.03817,-12.037369,2.4189699
android.sensor.accelerometer,1539034549912,84732352501160,26.685308,-10.293795,-0.75203615
android.sensor.accelerometer,1539034549932,84732372441640,21.349205,-7.28565,0.2778223
android.sensor.accelerometer,1539034549952,84732392381992,10.98356,-6.207891,1.0490186
android.sensor.accelerometer,1539034549972,84732412324470,6.222261,-5.345684,-1.336421
android.sensor.accelerometer,1539034549992,84732432265078,5.633086,-4.023633,-5.2019825
android.sensor.accelerometer,1539034550012,84732452205558,4.967271,-1.8920655,-7.486831
android.sensor.accelerometer,1539034550032,84732472146166,3.3769777,-0.06706055,-7.117998
android.sensor.accelerometer,1539034550052,84732492086646,1.8537452,0.8813672,-4.248765
android.sensor.accelerometer,1539034550072,84732512037725,1.8441651,1.3268409,-1.4034815
android.sensor.accelerometer,1539034550092,84732531978589,3.7314405,1.7675245,1.0442286
android.sensor.accelerometer,1539034550112,84732551919325,6.183941,2.1698878,1.949546
android.sensor.accelerometer,1539034550133,84732571860061,6.9886675,2.5051906,3.4727786
android.sensor.accelerometer,1539034550152,84732591800925,5.4750147,2.9794044,5.4319043
android.sensor.accelerometer,1539034550172,84732611745964,4.0906935,3.5637891,5.733677
android.sensor.accelerometer,1539034550191,84732631686828,4.2008643,4.061953,4.9481106
android.sensor.accelerometer,1539034550211,84732651627692,4.89542,4.373306,4.86189
android.sensor.accelerometer,1539034550231,84732671568556,5.9540186,4.87626,5.6282964
android.sensor.accelerometer,1539034550251,84732691509548,6.207891,5.2929935,6.0498195
android.sensor.accelerometer,1539034550271,84732711454532,6.1504107,5.455855,6.0019193
android.sensor.accelerometer,1539034550291,84732731395524,6.222261,5.278623,5.7145166
android.sensor.accelerometer,1539034550311,84732751336516,6.595884,5.0582814,6.1504107
android.sensor.accelerometer,1539034550331,84732771277380,6.835386,4.7469287,6.8114357
android.sensor.accelerometer,1539034550351,84732791218372,6.480923,4.373306,7.534732
android.sensor.accelerometer,1539034550371,84732811156877,5.757627,4.1002736,8.281978
android.sensor.accelerometer,1539034550391,84732831097869,5.3792143,3.8655617,8.440049
android.sensor.accelerometer,1539034550411,84732851038733,5.1780324,3.7697608,8.5119
android.sensor.accelerometer,1539034550431,84732870979725,5.4127445,3.8176613,8.267608
android.sensor.accelerometer,1539034550451,84732890920589,5.695357,3.899092,8.042476
android.sensor.accelerometer,1539034550471,84732910854180,5.5612354,3.9374123,8.210127
android.sensor.accelerometer,1539034550491,84732930794916,5.245093,3.903882,8.406519
android.sensor.accelerometer,1539034550511,84732950735652,5.0582814,3.9805226,8.737032
android.sensor.accelerometer,1539034550531,84732970676260,5.2594633,4.0044727,8.50711
android.sensor.accelerometer,1539034550550,84732990616996,5.695357,4.0523734,8.008945
android.sensor.accelerometer,1539034550571,84733010547955,5.6618266,4.148174,7.879615
android.sensor.accelerometer,1539034550590,84733030488435,5.2019825,4.2248144,8.104747
android.sensor.accelerometer,1539034550610,84733050428915,5.010381,4.2104445,8.066426
android.sensor.accelerometer,1539034550631,84733070369395,5.2977834,4.181704,7.913145
android.sensor.accelerometer,1539034550652,84733090309875,5.4271145,4.2104445,8.056846
android.sensor.accelerometer,1539034550670,84733110247856,5.4414845,4.3493557,7.3383403
android.sensor.accelerometer,1539034550690,84733130188208,5.120552,4.3397756,6.9886675
android.sensor.accelerometer,1539034550710,84733150128560,5.000801,4.2104445,7.1611085
android.sensor.accelerometer,1539034550730,84733170068912,5.5803957,4.2104445,7.31918
android.sensor.accelerometer,1539034550750,84733190009392,5.9396486,4.478687,6.8593364
