Sensor, CurrentTimeMs, SensorTimestampNano, X, Y, Z
android.sensor.accelerometer,1539034478766,84661206106605,4.157754,9.024434,1.0729688
android.sensor.accelerometer,1539034478786,84661226047213,4.416416,9.057964,1.3555812
android.sensor.accelerometer,1539034478805,84661245987821,4.4547367,9.187295,0.9867481
android.sensor.accelerometer,1539034478826,84661265928429,4.3206153,9.249566,0.5508545
android.sensor.accelerometer,1539034478846,84661285864252,4.157754,9.335787,0.6849756
android.sensor.accelerometer,1539034478865,84661305804732,4.0763235,9.398057,0.96758795
android.sensor.accelerometer,1539034478885,84661325745212,4.3349857,9.431587,0.7951465
android.sensor.accelerometer,1539034478905,84661345685692,4.4834766,9.465117,0.39757326
android.sensor.accelerometer,1539034478925,84661365626300,4.3254056,9.436378,0.17244141
android.sensor.accelerometer,1539034478945,84661385561830,4.4259963,9.465117,0.39757326
android.sensor.accelerometer,1539034478965,84661405502182,4.7708793,9.436378,0.7089258
android.sensor.accelerometer,1539034478985,84661425442534,5.230723,9.431587,0.44547364
android.sensor.accelerometer,1539034479005,84661445382886,5.4606447,9.354947,-0.028740235
android.sensor.accelerometer,1539034479025,84661465323238,5.2929935,9.273516,-0.31135255
android.sensor.accelerometer,1539034479045,84661485261170,5.2594633,9.072334,-0.19639161
android.sensor.accelerometer,1539034479065,84661505201394,5.5324955,8.708291,0.6227051
android.sensor.accelerometer,1539034479086,84661525141618,7.189849,8.372989,1.3028907
android.sensor.accelerometer,1539034479106,84661545081842,9.335787,9.172925,0.4167334
android.sensor.accelerometer,1539034479125,84661565022066,5.0343313,9.584868,-1.4705421
android.sensor.accelerometer,1539034479145,84661584961640,-1.5040723,9.302257,-1.9639161
android.sensor.accelerometer,1539034479165,84661604901864,-3.66438,9.043594,-0.5748047
android.sensor.accelerometer,1539034479185,84661624842216,-2.8836036,8.713081,0.82388675
android.sensor.accelerometer,1539034479204,84661644782440,-2.5387208,8.617281,0.6562354
android.sensor.accelerometer,1539034479224,84661664722664,-2.7255323,8.320298,-0.23950197
android.sensor.accelerometer,1539034479244,84661684663601,-3.1997461,7.879615,-0.1820215
android.sensor.accelerometer,1539034479265,84661704603825,-3.8703518,7.0269876,0.25387207
android.sensor.accelerometer,1539034479284,84661724544049,-2.7015822,6.1695704,0.42152345
android.sensor.accelerometer,1539034479304,84661744484273,-0.39278322,5.2355127,0.7711963
android.sensor.accelerometer,1539034479324,84661764424497,1.9639161,4.608018,2.3902297
android.sensor.accelerometer,1539034479344,84661784362630,2.3614893,4.3493557,5.039121
android.sensor.accelerometer,1539034479364,84661804302726,1.695674,4.2200246,6.7395854
android.sensor.accelerometer,1539034479384,84661824242822,1.5184424,4.0906935,6.5479836
android.sensor.accelerometer,1539034479404,84661844183046,1.9447559,3.7266505,5.7145166
android.sensor.accelerometer,1539034479424,84661864123142,4.0044727,3.8559816,6.0593996
android.sensor.accelerometer,1539034479444,84661884066706,7.673643,4.6128078,7.180269
android.sensor.accelerometer,1539034479464,84661904006930,7.391031,4.84752,7.204219
android.sensor.accelerometer,1539034479484,84661923947154,5.221143,4.7325587,5.949229
android.sensor.accelerometer,1539034479504,84661943887378,4.6128078,4.287085,2.7638526
android.sensor.accelerometer,1539034479523,84661963827602,6.816226,4.526587,0.2682422
android.sensor.accelerometer,1539034479544,84661983773999,8.387359,4.392466,-3.027305
android.sensor.accelerometer,1539034479563,84662003714351,7.558682,3.5110989,-7.0221977
android.sensor.accelerometer,1539034479583,84662023654703,9.081915,0.7568262,-4.608018
android.sensor.accelerometer,1539034479603,84662043595183,14.111456,-0.3784131,5.9204884
android.sensor.accelerometer,1539034479623,84662063535535,17.636925,-0.5939649,16.990269
android.sensor.accelerometer,1539034479643,84662083478398,18.087189,-1.2070899,22.460495
android.sensor.accelerometer,1539034479663,84662103418878,17.785416,-2.43813,19.49546
android.sensor.accelerometer,1539034479683,84662123359230,18.700314,-2.6441016,11.951148
android.sensor.accelerometer,1539034479703,84662143299710,20.328926,-2.0022364,6.05461
android.sensor.accelerometer,1539034479723,84662163240062,21.454586,-0.9963282,2.179468
android.sensor.accelerometer,1539034479743,84662183182303,20.017574,-0.613125,0.6945557
android.sensor.accelerometer,1539034479763,84662203122655,16.961529,-0.2778223,0.81909674
android.sensor.accelerometer,1539034479783,84662223063135,15.189215,-0.98195803,0.086220704
android.sensor.accelerometer,1539034479803,84662243003615,15.189215,-3.0081446,0.5891748
android.sensor.accelerometer,1539034479823,84662262944095,15.380816,-4.512217,2.5291407
android.sensor.accelerometer,1539034479843,84662282887403,15.615528,-5.2882032,4.727769
android.sensor.accelerometer,1539034479863,84662302828011,18.796114,-5.7480474,4.119434
android.sensor.accelerometer,1539034479882,84662322768491,21.095333,-4.3301954,1.0346485
android.sensor.accelerometer,1539034479902,84662342708971,19.48588,-3.7601807,-1.1064991
android.sensor.accelerometer,1539034479922,84662362649451,14.62399,-4.775669,-2.059717
android.sensor.accelerometer,1539034479942,84662382592576,13.172608,-5.4750147,-2.8500733
android.sensor.accelerometer,1539034479962,84662402533184,19.845133,-4.9624805,-5.719307
android.sensor.accelerometer,1539034479982,84662422473664,29.41563,-3.3578174,-12.133169
android.sensor.accelerometer,1539034480002,84662442414272,24.39088,-0.68976563,-8.195757
android.sensor.accelerometer,1539034480022,84662462354880,15.213164,-0.45026368,0.09580079
android.sensor.accelerometer,1539034480042,84662482299595,13.43127,-1.6813037,-0.98195803
android.sensor.accelerometer,1539034480062,84662502240331,15.562838,-0.9627979,-7.673643
android.sensor.accelerometer,1539034480082,84662522181067,13.158237,0.60833496,-5.240303
android.sensor.accelerometer,1539034480102,84662542121803,10.686578,1.3028907,0.25387207
android.sensor.accelerometer,1539034480122,84662562062539,13.004956,1.9782863,-0.8334668
android.sensor.accelerometer,1539034480144,84662582000367,11.639795,3.032095,-4.373306
android.sensor.accelerometer,1539034480162,84662601941103,7.1467385,3.5206788,-3.8416114
android.sensor.accelerometer,1539034480182,84662621881839,4.2439747,3.4871485,-0.8382569
android.sensor.accelerometer,1539034480201,84662641822575,3.5206788,3.415298,1.1208692
android.sensor.accelerometer,1539034480222,84662661763311,4.6894484,3.4823585,0.75203615
android.sensor.accelerometer,1539034480241,84662681702417,6.1935205,3.515889,0.97237796
android.sensor.accelerometer,1539034480261,84662701643153,6.1504107,3.5254688,3.7937112
android.sensor.accelerometer,1539034480281,84662721583889,5.8438478,3.7170706,5.575606
android.sensor.accelerometer,1539034480301,84662741524625,6.09293,3.6452198,4.8044095
android.sensor.accelerometer,1539034480321,84662761465361,6.0498195,3.544629,4.4834766
android.sensor.accelerometer,1539034480341,84662781413740,6.09772,3.6021094,5.269043
android.sensor.accelerometer,1539034480361,84662801354604,6.686895,3.7410207,4.9337406
android.sensor.accelerometer,1539034480381,84662821295468,7.103628,3.6691701,4.239185
android.sensor.accelerometer,1539034480401,84662841236460,6.581514,3.544629,5.886958
android.sensor.accelerometer,1539034480421,84662861177324,6.2270513,3.271597,7.664063
android.sensor.accelerometer,1539034480441,84662881119602,6.715635,3.0799952,8.056846
android.sensor.accelerometer,1539034480461,84662901060594,7.0174074,3.0656252,7.6592727
android.sensor.accelerometer,1539034480481,84662921001458,6.7779055,3.051255,7.5012016
android.sensor.accelerometer,1539034480501,84662940942450,6.5000834,3.032095,7.711963
android.sensor.accelerometer,1539034480521,84662960883442,6.207891,3.2093263,7.8508744
android.sensor.accelerometer,1539034480541,84662980820873,6.1073003,3.290757,7.893985
android.sensor.accelerometer,1539034480560,84663000761737,6.5623536,3.3721876,7.7790236
android.sensor.accelerometer,1539034480580,84663020702601,6.7874856,3.63564,7.592212
android.sensor.accelerometer,1539034480600,84663040643465,6.734795,3.7697608,7.151529
android.sensor.accelerometer,1539034480620,84663060584329,6.3228517,3.7362306,6.9934573
android.sensor.accelerometer,1539034480640,84663080517921,5.982759,3.8224514,7.414981
android.sensor.accelerometer,1539034480660,84663100458657,6.0402393,3.899092,7.34313
android.sensor.accelerometer,1539034480680,84663120399393,5.853428,3.9469924,7.089258
android.sensor.accelerometer,1539034480700,84663140340257,5.589976,3.894302,7.223379
android.sensor.accelerometer,1539034480720,84663160280993,5.8965383,3.8655617,7.568262
android.sensor.accelerometer,1539034480740,84663180213311,6.3899126,3.784131,7.903565
android.sensor.accelerometer,1539034480760,84663200153791,6.495293,3.784131,8.320298
android.sensor.accelerometer,1539034480781,84663220094399,6.09293,3.899092,7.8412943
android.sensor.accelerometer,1539034480802,84663240034879,5.6809864,3.9517825,6.9168167
android.sensor.accelerometer,1539034480822,84663259975487,5.6666164,4.038003,6.662945
android.sensor.accelerometer,1539034480842,84663279911578,5.839058,3.999683,7.1084185
android.sensor.accelerometer,1539034480862,84663299852186,5.9396486,3.9134622,7.683223
android.sensor.accelerometer,1539034480882,84663319792666,6.183941,3.9278321,7.8891945
android.sensor.accelerometer,1539034480902,84663339733146,5.9540186,4.061953,7.7790236
android.sensor.accelerometer,1539034480922,84663359673626,5.336104,4.1864944,7.070098
android.sensor.accelerometer,1539034480942,84663379606571,5.3025737,4.368516,6.3228517
android.sensor.accelerometer,1539034480961,84663399546923,5.8007374,4.3637257,6.361172
android.sensor.accelerometer,1539034480981,84663419487275,5.6666164,4.387676,7.30481
android.sensor.accelerometer,1539034481001,84663439427499,5.508545,4.3254056,7.8556643
android.sensor.accelerometer,1539034481021,84663459367851,5.326524,4.3349857,7.726333
android.sensor.accelerometer,1539034481041,84663479305015,5.110972,4.3637257,7.117998
android.sensor.accelerometer,1539034481061,84663499245239,5.2977834,4.4834766,6.600674
android.sensor.accelerometer,1539034481081,84663519185463,5.465435,4.641548,6.10251
android.sensor.accelerometer,1539034481100,84663539125687,5.589976,4.8427296,6.09772
android.sensor.accelerometer,1539034481124,84663559065911,5.7863674,4.8906302,6.375542
android.sensor.accelerometer,1539034481139,84663579002069,5.637876,4.8571,6.706055
android.sensor.accelerometer,1539034481159,84663598942165,5.7624173,4.6607084,6.706055
android.sensor.accelerometer,1539034481184,84663618882261,5.949229,4.6750784,7.046148
