Sensor, CurrentTimeMs, SensorTimestampNano, X, Y, Z
android.sensor.accelerometer,1539034769350,84951787726483,7.0030375,6.0019193,4.4451566
android.sensor.accelerometer,1539034769368,84951807668115,6.835386,5.9540186,4.1242237
android.sensor.accelerometer,1539034769387,84951827608728,7.0126176,6.016289,3.8464015
android.sensor.accelerometer,1539034769407,84951847550232,6.9886675,6.0354495,3.8080812
android.sensor.accelerometer,1539034769428,84951867491864,6.7395854,6.0450296,3.7122805
android.sensor.accelerometer,1539034769449,84951887433496,6.437813,6.0450296,3.6068995
android.sensor.accelerometer,1539034769467,84951907375128,6.5336137,6.13604,3.6979103
android.sensor.accelerometer,1539034769487,84951927314236,6.706055,6.183941,3.7649708
android.sensor.accelerometer,1539034769507,84951947255740,6.9072366,6.1599903,3.8799317
android.sensor.accelerometer,1539034769527,84951967197372,6.974297,6.07856,4.1721244
android.sensor.accelerometer,1539034769547,84951987138876,7.1706886,6.0019193,4.3206153
android.sensor.accelerometer,1539034769567,84952007080380,7.31439,6.05461,4.176914
android.sensor.accelerometer,1539034769587,84952027026053,7.1084185,6.09772,3.8607717
android.sensor.accelerometer,1539034769607,84952046967685,7.074888,6.342012,3.535049
android.sensor.accelerometer,1539034769627,84952066909317,7.4580913,6.5240335,2.4620802
android.sensor.accelerometer,1539034769646,84952086850949,7.678433,6.4330225,1.2022998
android.sensor.accelerometer,1539034769666,84952106792581,7.4916215,6.1743608,0.7951465
android.sensor.accelerometer,1539034769686,84952126739686,7.5012016,5.6905665,0.82388675
android.sensor.accelerometer,1539034769706,84952146681446,8.181387,5.264253,1.3028907
android.sensor.accelerometer,1539034769726,84952166623206,8.794512,5.0487013,1.8058448
android.sensor.accelerometer,1539034769746,84952186565094,9.101074,4.536167,1.6860938
android.sensor.accelerometer,1539034769766,84952206506854,8.851993,3.8224514,0.6227051
android.sensor.accelerometer,1539034769786,84952226454502,8.583751,4.143384,-0.7951465
android.sensor.accelerometer,1539034769806,84952246396518,8.866363,4.3541455,-1.3028907
android.sensor.accelerometer,1539034769826,84952266338406,9.551338,4.4499464,-1.4609619
android.sensor.accelerometer,1539034769846,84952286280422,11.290123,4.536167,-2.44292
android.sensor.accelerometer,1539034769866,84952306222438,12.521163,4.7133985,-2.8309133
android.sensor.accelerometer,1539034769886,84952326162947,12.25292,4.8666797,-2.2656887
android.sensor.accelerometer,1539034769906,84952346104963,11.328443,4.502637,-1.6429834
android.sensor.accelerometer,1539034769926,84952366046851,10.748848,3.9613624,-1.4034815
android.sensor.accelerometer,1539034769946,84952385988867,10.542876,3.6452198,-1.2310401
android.sensor.accelerometer,1539034769967,84952405930883,10.528506,3.6691701,-0.6706055
android.sensor.accelerometer,1539034769986,84952425870997,10.600357,3.2620168,0.47900394
android.sensor.accelerometer,1539034770005,84952445812885,9.604029,2.6488917,2.1028273
android.sensor.accelerometer,1539034770026,84952465754901,8.49753,2.3423293,3.903882
android.sensor.accelerometer,1539034770045,84952485696789,7.5155716,2.088457,5.158872
android.sensor.accelerometer,1539034770065,84952505638677,7.1323686,1.7531544,5.5372853
android.sensor.accelerometer,1539034770085,84952525585575,7.3383403,1.8345851,7.0221977
android.sensor.accelerometer,1539034770105,84952545527591,7.2329593,2.1650977,9.766891
android.sensor.accelerometer,1539034770125,84952565469607,7.065308,2.3614893,11.658956
android.sensor.accelerometer,1539034770145,84952585411623,6.6916847,2.1603076,11.084151
android.sensor.accelerometer,1539034770165,84952605354186,5.5947657,2.3950195,10.480606
android.sensor.accelerometer,1539034770185,84952625299749,4.4499464,2.6105714,10.772799
android.sensor.accelerometer,1539034770205,84952645241765,3.4296682,2.308799,11.160791
android.sensor.accelerometer,1539034770225,84952665183909,2.7159522,1.9974464,10.700948
android.sensor.accelerometer,1539034770245,84952685126053,3.0656252,2.083667,10.533297
android.sensor.accelerometer,1539034770265,84952705068197,3.9374123,2.4189699,11.405084
android.sensor.accelerometer,1539034770285,84952725013242,4.756509,2.6105714,12.042159
android.sensor.accelerometer,1539034770305,84952744955386,5.6714063,2.5866213,11.572735
android.sensor.accelerometer,1539034770325,84952764897530,5.9156985,2.327959,10.289004
android.sensor.accelerometer,1539034770345,84952784839674,5.9540186,2.2369483,9.220825
android.sensor.accelerometer,1539034770365,84952804781818,6.437813,2.2656887,9.096285
android.sensor.accelerometer,1539034770384,84952824721535,7.1467385,2.1507277,8.013736
android.sensor.accelerometer,1539034770404,84952844663679,6.8928666,2.304009,6.844966
android.sensor.accelerometer,1539034770424,84952864605823,5.9540186,2.323169,6.5288234
android.sensor.accelerometer,1539034770444,84952884547967,6.0258694,2.184258,6.1935205
android.sensor.accelerometer,1539034770465,84952904490111,6.7970657,1.7387843,5.910908
android.sensor.accelerometer,1539034770486,84952924430103,7.3622904,1.6429834,5.4271145
android.sensor.accelerometer,1539034770504,84952944372247,8.171807,1.7292042,4.3445654
android.sensor.accelerometer,1539034770527,84952964314263,9.139395,1.9639161,3.3817677
android.sensor.accelerometer,1539034770546,84952984256279,10.212363,1.8441651,3.4057178
android.sensor.accelerometer,1539034770566,84953004198295,10.729688,1.6190332,4.1242237
android.sensor.accelerometer,1539034770586,84953024134569,11.376344,1.5280225,4.2918754
android.sensor.accelerometer,1539034770606,84953044076457,11.946358,1.6381935,3.2284865
android.sensor.accelerometer,1539034770626,84953064018345,11.625425,1.7004639,1.8345851
android.sensor.accelerometer,1539034770646,84953083960361,11.179952,1.5184424,1.2837305
android.sensor.accelerometer,1539034770666,84953103902249,11.558365,1.5711329,1.346001
android.sensor.accelerometer,1539034770686,84953123843637,12.037369,1.5519727,1.9064356
android.sensor.accelerometer,1539034770705,84953143785525,11.658956,1.4801221,2.811753
android.sensor.accelerometer,1539034770725,84953163727541,11.385923,1.456172,2.8213332
android.sensor.accelerometer,1539034770745,84953183669429,12.15712,1.3939015,2.304009
android.sensor.accelerometer,1539034770765,84953203611445,12.616963,1.5471827,1.8729054
android.sensor.accelerometer,1539034770785,84953223551864,11.884088,1.6525636,1.7244141
android.sensor.accelerometer,1539034770805,84953243493752,10.791959,1.719624,1.465752
android.sensor.accelerometer,1539034770825,84953263435640,10.427916,1.6142433,0.9867481
android.sensor.accelerometer,1539034770845,84953283377528,10.94524,1.8345851,0.6227051
android.sensor.accelerometer,1539034770865,84953303319544,11.5823145,2.1076174,0.48379397
android.sensor.accelerometer,1539034770885,84953323250125,11.371553,2.064507,0.14370118
android.sensor.accelerometer,1539034770905,84953343191885,10.590776,1.7004639,-0.25866213
android.sensor.accelerometer,1539034770925,84953363133645,10.332115,1.5807129,-0.50774413
android.sensor.accelerometer,1539034770945,84953383075405,11.141631,1.4897022,-0.8430469
android.sensor.accelerometer,1539034770965,84953403017165,11.2374325,1.1208692,-1.5663428
android.sensor.accelerometer,1539034770990,84953422953433,11.740386,0.6706055,-1.575923
android.sensor.accelerometer,1539034771005,84953442895065,11.984678,0.34009278,-1.2645704
android.sensor.accelerometer,1539034771025,84953462836569,11.591895,0.4406836,-0.93405765
android.sensor.accelerometer,1539034771050,84953482778201,11.05541,0.2203418,-0.20118165
android.sensor.accelerometer,1539034771065,84953502719833,10.499766,0.033530276,1.2406201
android.sensor.accelerometer,1539034771085,84953522657569,10.629097,-0.4981641,2.5291407
android.sensor.accelerometer,1539034771104,84953542599073,10.356065,-0.5364844,4.1625443
android.sensor.accelerometer,1539034771124,84953562540577,8.928633,-0.047900394,5.2929935
android.sensor.accelerometer,1539034771144,84953582482081,8.55501,0.009580079,5.230723
android.sensor.accelerometer,1539034771164,84953602423457,9.656719,-0.23471193,4.6846585
android.sensor.accelerometer,1539034771184,84953622364650,10.135723,-0.40715334,5.2977834
android.sensor.accelerometer,1539034771204,84953642306026,9.378897,0.019160157,6.782696
android.sensor.accelerometer,1539034771224,84953662247402,8.655601,0.12454102,7.31918
android.sensor.accelerometer,1539034771244,84953682188906,8.4304695,0.27303225,7.8365045
android.sensor.accelerometer,1539034771265,84953702130282,8.229287,0.57959473,8.626861
android.sensor.accelerometer,1539034771284,84953722075443,7.8604546,1.0585986,9.311836
android.sensor.accelerometer,1539034771304,84953742016947,7.558682,1.4130616,8.48316
android.sensor.accelerometer,1539034771324,84953761958451,7.917935,1.839375,7.32397
android.sensor.accelerometer,1539034771344,84953781899827,8.454419,2.0405567,7.4054008
android.sensor.accelerometer,1539034771364,84953801841331,8.59333,2.0166066,8.047266
android.sensor.accelerometer,1539034771384,84953821780226,8.339458,1.9351759,8.334668
android.sensor.accelerometer,1539034771404,84953841721730,8.248447,1.9064356,8.123906
android.sensor.accelerometer,1539034771424,84953861663106,8.301138,1.8106349,7.793394
android.sensor.accelerometer,1539034771444,84953881604482,8.301138,1.7627344,7.6592727
android.sensor.accelerometer,1539034771464,84953901545986,7.8891945,1.6621436,7.2760696
android.sensor.accelerometer,1539034771484,84953921491531,7.4820414,1.6286134,7.0269876
android.sensor.accelerometer,1539034771506,84953941432907,6.998247,1.5615528,6.7491655
android.sensor.accelerometer,1539034771524,84953961374283,6.9168167,1.719624,6.016289
android.sensor.accelerometer,1539034771544,84953981315787,7.30481,1.8872755,5.0918117
android.sensor.accelerometer,1539034771564,84954001257163,7.7215433,1.8776954,4.9576907
android.sensor.accelerometer,1539034771584,84954021207377,8.080796,1.705254,5.388794
android.sensor.accelerometer,1539034771604,84954041149009,8.238868,1.6813037,5.695357
android.sensor.accelerometer,1539034771624,84954061090513,8.210127,1.7962648,5.4462748
android.sensor.accelerometer,1539034771643,84954081032017,7.965835,1.8489552,4.905
android.sensor.accelerometer,1539034771663,84954100973649,7.9849954,1.7483643,4.526587
android.sensor.accelerometer,1539034771683,84954120920992,8.358619,1.7292042,4.277505
android.sensor.accelerometer,1539034771703,84954140862624,8.4304695,1.6717237,4.253555
android.sensor.accelerometer,1539034771723,84954160804384,8.440049,1.6334034,4.4643164
android.sensor.accelerometer,1539034771740,84954180746144,8.53106,1.7435743,4.4691067
android.sensor.accelerometer,1539034771760,84954200687776,8.487949,1.9687061,4.4403663
android.sensor.accelerometer,1539034771780,84954220631724,8.875943,1.7962648,4.3541455
android.sensor.accelerometer,1539034771800,84954240573484,9.254355,1.7723145,4.84752
android.sensor.accelerometer,1539034771820,84954260515244,9.1202345,1.6765138,5.455855
android.sensor.accelerometer,1539034771840,84954280457004,8.58854,1.7579445,5.489385
android.sensor.accelerometer,1539034771860,84954300398764,8.406519,1.8345851,4.4212065
android.sensor.accelerometer,1539034771880,84954320340219,8.459209,1.8968556,3.8847218
android.sensor.accelerometer,1539034771901,84954340282107,8.56938,1.8154249,3.9278321
