Sensor, CurrentTimeMs, SensorTimestampNano, X, Y, Z
android.sensor.accelerometer,1539034673024,84855449383461,4.905,8.281978,1.8154249
android.sensor.accelerometer,1539034673031,84855469324837,5.0918117,8.267608,1.8250049
android.sensor.accelerometer,1539034673049,84855489266213,5.130132,8.372989,1.3843213
android.sensor.accelerometer,1539034673069,84855509212148,5.0343313,8.425679,0.9627979
android.sensor.accelerometer,1539034673089,84855529153524,5.1971927,8.473579,1.0873389
android.sensor.accelerometer,1539034673109,84855549094900,5.513335,8.55501,1.3795313
android.sensor.accelerometer,1539034673129,84855569036404,5.6570363,8.5598,1.331631
android.sensor.accelerometer,1539034673149,84855588977780,5.5947657,8.583751,0.852627
android.sensor.accelerometer,1539034673169,84855608917900,5.4462748,8.583751,0.2921924
android.sensor.accelerometer,1539034673189,84855628859276,5.5612354,8.62207,0.19639161
android.sensor.accelerometer,1539034673209,84855648800652,5.7480474,8.679551,0.38320315
android.sensor.accelerometer,1539034673228,84855668742028,5.848638,8.818462,0.25866213
android.sensor.accelerometer,1539034673249,84855688683404,5.829478,8.842413,-1.0394385
android.sensor.accelerometer,1539034673269,84855708632350,5.9013286,8.880733,-2.0166066
android.sensor.accelerometer,1539034673288,84855728573982,5.858218,8.914263,-2.327959
android.sensor.accelerometer,1539034673308,84855748515486,6.0210795,8.995694,-2.8452833
android.sensor.accelerometer,1539034673328,84855768456990,5.8198977,8.923843,-3.5877395
android.sensor.accelerometer,1539034673348,84855788398494,4.8666797,8.449629,-4.287085
android.sensor.accelerometer,1539034673368,84855808338065,3.5015187,8.253238,-4.167334
android.sensor.accelerometer,1539034673388,84855828279697,1.7531544,8.210127,-4.253555
android.sensor.accelerometer,1539034673408,84855848221201,0.57959473,7.2760696,-5.470225
android.sensor.accelerometer,1539034673428,84855868162705,0.6179151,6.4138627,-4.622388
android.sensor.accelerometer,1539034673448,84855888104209,1.7771046,6.09293,-1.2549903
android.sensor.accelerometer,1539034673468,84855908048169,3.410508,5.4319043,0.46942386
android.sensor.accelerometer,1539034673488,84855927985443,5.1876125,4.9720607,0.8382569
android.sensor.accelerometer,1539034673508,84855947926947,6.006709,4.9624805,0.6514453
android.sensor.accelerometer,1539034673528,84855967868451,5.4175344,4.9481106,-0.09101075
android.sensor.accelerometer,1539034673548,84855987810083,4.0044727,4.6128078,-1.695674
android.sensor.accelerometer,1539034673568,84856007753434,3.2093263,3.9134622,-3.3578174
android.sensor.accelerometer,1539034673588,84856027694938,3.5685792,3.0799952,-3.6260598
android.sensor.accelerometer,1539034673607,84856047636570,3.5254688,2.7255323,-1.8968556
android.sensor.accelerometer,1539034673627,84856067578074,3.7266505,2.088457,0.6706055
android.sensor.accelerometer,1539034673647,84856087519706,4.521797,0.67539555,3.2859669
android.sensor.accelerometer,1539034673667,84856107457360,5.350474,-0.18681154,6.806646
android.sensor.accelerometer,1539034673687,84856127398864,6.447393,-0.3161426,9.340576
android.sensor.accelerometer,1539034673707,84856147340368,7.4676714,-0.05269043,9.5561285
android.sensor.accelerometer,1539034673727,84856167281872,9.2256155,-0.16286133,9.412427
android.sensor.accelerometer,1539034673747,84856187223376,10.542876,-0.26345217,9.8866415
android.sensor.accelerometer,1539034673767,84856207165141,10.581197,-0.37362307,11.02188
android.sensor.accelerometer,1539034673787,84856227106645,10.935659,-0.7759864,11.04104
android.sensor.accelerometer,1539034673807,84856247048149,10.250684,-1.2645704,9.302257
android.sensor.accelerometer,1539034673827,84856266989525,7.9849954,-1.3699512,7.9610453
android.sensor.accelerometer,1539034673847,84856286931029,7.4006104,-1.5280225,6.998247
android.sensor.accelerometer,1539034673867,84856306875934,9.73815,-1.7435743,4.87147
android.sensor.accelerometer,1539034673887,84856326817566,11.864927,-1.6142433,1.0394385
android.sensor.accelerometer,1539034673906,84856346759198,10.672208,-1.3507911,-1.5998731
android.sensor.accelerometer,1539034673926,84856366700830,10.236314,-2.1507277,-0.7951465
android.sensor.accelerometer,1539034673946,84856386642462,11.888878,-2.8500733,-0.49337405
android.sensor.accelerometer,1539034673966,84856406586471,13.2492485,-2.3806496,0.6945557
android.sensor.accelerometer,1539034673986,84856426528103,15.548468,-3.056045,2.936294
android.sensor.accelerometer,1539034674006,84856446469863,17.03338,-3.7266505,5.455855
android.sensor.accelerometer,1539034674027,84856466411495,17.953068,-3.295547,8.238868
android.sensor.accelerometer,1539034674048,84856486353255,21.095333,-3.544629,8.981323
android.sensor.accelerometer,1539034674066,84856506298428,21.94796,-4.1146436,7.204219
android.sensor.accelerometer,1539034674086,84856526240188,19.888243,-4.014053,5.125342
android.sensor.accelerometer,1539034674106,84856546181948,20.62591,-3.9182522,3.9469924
android.sensor.accelerometer,1539034674126,84856566123836,21.028273,-4.014053,2.5291407
android.sensor.accelerometer,1539034674146,84856586065596,19.36134,-4.152964,1.6286134
android.sensor.accelerometer,1539034674166,84856606011714,18.671574,-4.129014,1.8824854
android.sensor.accelerometer,1539034674186,84856625953602,19.370918,-3.8224514,1.2454102
android.sensor.accelerometer,1539034674206,84856645895618,18.628462,-3.63564,-0.09580079
android.sensor.accelerometer,1539034674226,84856665837506,16.98548,-3.903882,-0.45984375
android.sensor.accelerometer,1539034674245,84856685779394,16.808249,-3.8416114,0.21555176
android.sensor.accelerometer,1539034674265,84856705715918,16.865728,-3.4775686,-0.5604346
android.sensor.accelerometer,1539034674285,84856725657806,14.992823,-3.1087356,-2.1459377
android.sensor.accelerometer,1539034674305,84856745599566,13.35942,-2.7351124,-2.5291407
android.sensor.accelerometer,1539034674325,84856765541326,12.372671,-2.2944288,-2.3471193
android.sensor.accelerometer,1539034674345,84856785483086,11.917618,-1.7723145,-2.7255323
android.sensor.accelerometer,1539034674368,84856805424547,11.433824,-1.0825489,-3.5254688
android.sensor.accelerometer,1539034674385,84856825366307,10.466236,-0.8286768,-3.2524366
android.sensor.accelerometer,1539034674405,84856845308067,9.326206,-0.4981641,-1.8585353
android.sensor.accelerometer,1539034674425,84856865249827,8.459209,-0.023950197,-1.2549903
android.sensor.accelerometer,1539034674445,84856885191587,8.425679,0.39757326,-1.949546
android.sensor.accelerometer,1539034674465,84856905128239,8.780142,0.85741705,-3.0368848
android.sensor.accelerometer,1539034674485,84856925069871,8.368198,1.3986914,-2.7686427
android.sensor.accelerometer,1539034674505,84856945011503,7.4964113,1.6477735,-1.6813037
android.sensor.accelerometer,1539034674525,84856964953007,7.103628,1.8010547,-0.9436377
android.sensor.accelerometer,1539034674547,84856984894639,6.821016,2.1650977,-0.5604346
android.sensor.accelerometer,1539034674568,84857004832716,6.3899126,2.4812403,-0.41194338
android.sensor.accelerometer,1539034674587,84857024774220,5.8198977,2.687212,-0.19160157
android.sensor.accelerometer,1539034674607,84857044715852,5.503755,3.1326857,0.014370117
android.sensor.accelerometer,1539034674626,84857064657356,5.087022,3.67875,-0.043110352
android.sensor.accelerometer,1539034674647,84857084598860,4.8044095,4.2248144,0.3065625
android.sensor.accelerometer,1539034674667,84857104540437,4.3206153,4.7133985,1.1448194
android.sensor.accelerometer,1539034674686,84857124481941,4.0044727,5.024751,1.4753321
android.sensor.accelerometer,1539034674706,84857144423573,4.152964,5.1971927,1.5807129
android.sensor.accelerometer,1539034674727,84857164365077,4.493057,5.326524,2.0549269
android.sensor.accelerometer,1539034674746,84857184306709,4.1721244,5.3313136,2.8596535
android.sensor.accelerometer,1539034674766,84857204245799,3.3721876,5.245093,3.3242872
android.sensor.accelerometer,1539034674786,84857224187175,2.2608986,5.623506,3.391348
android.sensor.accelerometer,1539034674806,84857244128679,1.0490186,6.2845316,2.9889846
android.sensor.accelerometer,1539034674826,84857264070183,0.8143067,6.706055,2.6584718
android.sensor.accelerometer,1539034674846,84857284011687,1.4082716,6.9551373,2.4333398
android.sensor.accelerometer,1539034674866,84857303946864,2.184258,7.27128,2.7399025
android.sensor.accelerometer,1539034674886,84857323888240,2.9458742,7.6401124,3.3865578
android.sensor.accelerometer,1539034674905,84857343829744,3.8847218,7.817344,3.8464015
android.sensor.accelerometer,1539034674926,84857363771120,5.134922,8.047266,4.2008643
android.sensor.accelerometer,1539034674945,84857383712496,5.623506,7.8700347,4.4691067
android.sensor.accelerometer,1539034674966,84857403651342,4.991221,7.8269243,4.521797
android.sensor.accelerometer,1539034674985,84857423592590,4.497847,7.913145,4.3158255
android.sensor.accelerometer,1539034675005,84857443533966,4.8571,8.047266,4.181704
android.sensor.accelerometer,1539034675025,84857463475214,5.6570363,8.085587,3.5063088
android.sensor.accelerometer,1539034675046,84857483416462,6.4042826,8.286768,2.687212
android.sensor.accelerometer,1539034675068,84857503359726,6.4042826,8.459209,2.6441016
android.sensor.accelerometer,1539034675085,84857523301102,5.944439,8.272398,3.171006
android.sensor.accelerometer,1539034675105,84857543242478,6.10251,8.0999565,3.1326857
android.sensor.accelerometer,1539034675125,84857563183726,5.973179,8.128696,2.6249416
android.sensor.accelerometer,1539034675145,84857583125102,5.848638,8.195757,2.1028273
android.sensor.accelerometer,1539034675167,84857603066441,5.886958,8.008945,1.9303858
android.sensor.accelerometer,1539034675185,84857623007689,5.647456,7.8604546,2.2129982
android.sensor.accelerometer,1539034675205,84857642949065,5.2929935,7.807764,2.7351124
android.sensor.accelerometer,1539034675224,84857662890441,5.3935843,7.8508744,2.9458742
android.sensor.accelerometer,1539034675245,84857682831817,5.9396486,7.965835,2.304009
android.sensor.accelerometer,1539034675265,84857702770773,5.7624173,8.004155,1.4226416
android.sensor.accelerometer,1539034675285,84857722712021,5.206773,7.8652444,1.4370118
android.sensor.accelerometer,1539034675305,84857742653269,5.757627,8.171807,2.074087
android.sensor.accelerometer,1539034675322,84857762594517,6.5096636,8.344249,1.0346485
android.sensor.accelerometer,1539034675342,84857782535765,6.06419,7.9945755,0.9053174
android.sensor.accelerometer,1539034675362,84857802486119,5.599556,7.798184,1.5663428
android.sensor.accelerometer,1539034675382,84857822427495,5.5947657,7.7407036,2.2704787
