Sensor, CurrentTimeMs, SensorTimestampNano, X, Y, Z
android.sensor.accelerometer,1539034863840,85046272610371,2.6488917,8.071217,5.4989653
android.sensor.accelerometer,1539034863852,85046292552643,2.6249416,8.037686,5.6761966
android.sensor.accelerometer,1539034863872,85046312494878,2.6393116,8.047266,5.623506
android.sensor.accelerometer,1539034863892,85046332437150,2.687212,8.176597,5.4366946
android.sensor.accelerometer,1539034863912,85046352379422,2.5339308,8.238868,5.470225
android.sensor.accelerometer,1539034863932,85046372321822,2.4093897,8.258028,5.585186
android.sensor.accelerometer,1539034863952,85046392264094,2.6009912,8.281978,5.757627
android.sensor.accelerometer,1539034863972,85046412204147,2.8740237,8.305928,5.886958
android.sensor.accelerometer,1539034863992,85046432146419,3.0943654,8.248447,6.0593996
android.sensor.accelerometer,1539034864012,85046452088819,2.9794044,8.143066,5.7767873
android.sensor.accelerometer,1539034864032,85046472031091,2.7686427,8.076006,5.3121533
android.sensor.accelerometer,1539034864052,85046491973363,2.5962012,8.004155,5.245093
android.sensor.accelerometer,1539034864072,85046511925904,2.6345215,7.9466753,5.398374
android.sensor.accelerometer,1539034864092,85046531868432,2.299219,8.090376,5.4510646
android.sensor.accelerometer,1539034864112,85046551811088,1.7675245,8.789722,5.5468655
android.sensor.accelerometer,1539034864131,85046571753616,0.7951465,11.405084,6.361172
android.sensor.accelerometer,1539034864151,85046591696272,-1.5567628,17.517174,8.684341
android.sensor.accelerometer,1539034864172,85046611640299,0.9388477,25.387209,13.091177
android.sensor.accelerometer,1539034864191,85046631582955,10.097403,29.032429,21.071383
android.sensor.accelerometer,1539034864211,85046651525739,18.743423,24.821983,26.330847
android.sensor.accelerometer,1539034864231,85046671468395,21.89048,17.886007,24.40046
android.sensor.accelerometer,1539034864251,85046691411179,17.708775,11.232642,16.904049
android.sensor.accelerometer,1539034864271,85046711349574,12.056529,5.455855,9.551338
android.sensor.accelerometer,1539034864291,85046731292230,7.36708,0.6945557,4.9337406
android.sensor.accelerometer,1539034864312,85046751234758,1.3028907,-2.0213966,0.488584
android.sensor.accelerometer,1539034864332,85046771177414,-5.0630717,-3.65959,-5.120552
android.sensor.accelerometer,1539034864351,85046791119942,-6.4426026,-4.287085,-7.5155716
android.sensor.accelerometer,1539034864371,85046811058508,-5.5468655,-4.718189,-5.738467
android.sensor.accelerometer,1539034864391,85046831000908,-5.6666164,-5.647456,-2.4620802
android.sensor.accelerometer,1539034864411,85046850943436,-5.4510646,-7.046148,-1.5376027
android.sensor.accelerometer,1539034864431,85046870885964,-5.575606,-8.171807,-3.1087356
android.sensor.accelerometer,1539034864450,85046890828364,-6.1504107,-8.449629,-5.221143
android.sensor.accelerometer,1539034864471,85046910762589,-4.967271,-8.190968,-5.968389
android.sensor.accelerometer,1539034864491,85046930704861,-3.5877395,-7.817344,-4.88105
android.sensor.accelerometer,1539034864510,85046950647133,-2.3519094,-7.28565,-4.6271777
android.sensor.accelerometer,1539034864530,85046970589405,-1.3603711,-6.495293,-3.65959
android.sensor.accelerometer,1539034864550,85046990531677,0.12933107,-5.815108,-2.3135889
android.sensor.accelerometer,1539034864570,85047010467232,1.9878663,-5.3217335,0.21076173
android.sensor.accelerometer,1539034864590,85047030409248,3.6979103,-4.287085,3.2332766
android.sensor.accelerometer,1539034864610,85047050351392,4.976851,-2.1459377,0.60833496
android.sensor.accelerometer,1539034864630,85047070293536,3.5637891,-0.40715334,-2.189048
android.sensor.accelerometer,1539034864650,85047090235552,2.42855,0.5221143,0.9915381
android.sensor.accelerometer,1539034864670,85047110177641,4.0763235,2.208208,8.54064
android.sensor.accelerometer,1539034864690,85047130119785,10.97398,8.181387,24.917784
android.sensor.accelerometer,1539034864710,85047150061929,15.524517,17.943487,34.526604
android.sensor.accelerometer,1539034864730,85047170004073,17.536333,26.95355,35.43671
android.sensor.accelerometer,1539034864750,85047189946217,16.281343,31.317276,35.503773
android.sensor.accelerometer,1539034864771,85047209887471,12.09485,31.633419,34.27273
android.sensor.accelerometer,1539034864792,85047229829615,12.17149,28.0361,31.274166
android.sensor.accelerometer,1539034864812,85047249771631,15.960411,22.728737,22.834118
android.sensor.accelerometer,1539034864841,85047269713647,16.736397,17.15792,9.74294
android.sensor.accelerometer,1539034864851,85047289653092,11.764337,12.535533,1.0490186
android.sensor.accelerometer,1539034864872,85047309586824,9.211246,8.425679,-0.36883304
android.sensor.accelerometer,1539034864892,85047329528840,4.9720607,5.0487013,0.5412744
android.sensor.accelerometer,1539034864912,85047349470728,1.5376027,1.8489552,0.9627979
android.sensor.accelerometer,1539034864931,85047369412616,0.82388675,0.9915381,-0.5364844
android.sensor.accelerometer,1539034864952,85047389354632,0.16286133,0.19160157,-0.847837
android.sensor.accelerometer,1539034864971,85047409289870,-1.4082716,-0.4742139,1.1927198
android.sensor.accelerometer,1539034864991,85047429231630,-2.7111623,-0.7376661,3.8895118
android.sensor.accelerometer,1539034865011,85047449173390,-3.3865578,-1.5280225,4.7804594
android.sensor.accelerometer,1539034865031,85047469115022,-2.9937747,-0.12933107,4.047583
android.sensor.accelerometer,1539034865051,85047489056782,-1.4082716,0.46942386,2.907554
android.sensor.accelerometer,1539034865071,85047509006612,-0.6514453,1.8345851,2.8548634
android.sensor.accelerometer,1539034865092,85047528948500,0.6322852,4.631968,2.189048
android.sensor.accelerometer,1539034865111,85047548890388,3.3626075,5.2594633,2.955454
android.sensor.accelerometer,1539034865134,85047568832148,1.9782863,5.9396486,6.318062
android.sensor.accelerometer,1539034865151,85047588774036,1.9687061,6.9216065,6.983877
android.sensor.accelerometer,1539034865171,85047608713632,2.8644435,8.047266,6.5240335
android.sensor.accelerometer,1539034865190,85047628655392,3.6260598,8.598121,6.864126
android.sensor.accelerometer,1539034865211,85047648597152,3.8847218,8.54543,7.3575
android.sensor.accelerometer,1539034865231,85047668538912,3.6739602,9.584868,5.613926
android.sensor.accelerometer,1539034865250,85047688480800,3.5877395,10.95961,3.7362306
android.sensor.accelerometer,1539034865271,85047708425899,3.4488282,10.188414,4.0859036
android.sensor.accelerometer,1539034865291,85047728367787,3.5685792,9.613608,6.471343
android.sensor.accelerometer,1539034865310,85047748309675,3.5973196,9.335787,8.411309
android.sensor.accelerometer,1539034865331,85047768251563,3.6116896,8.737032,8.320298
android.sensor.accelerometer,1539034865352,85047788193323,2.6441016,8.52627,7.3766603
android.sensor.accelerometer,1539034865371,85047808133967,2.2656887,8.449629,6.08814
android.sensor.accelerometer,1539034865390,85047828075855,1.9064356,8.602911,4.3158255
android.sensor.accelerometer,1539034865410,85047848017743,1.5519727,8.58854,3.8655617
android.sensor.accelerometer,1539034865430,85047867959631,1.5423926,8.411309,5.3025737
android.sensor.accelerometer,1539034865450,85047887901519,1.5663428,8.305928,6.758745
android.sensor.accelerometer,1539034865470,85047907846168,2.1076174,8.291558,6.821016
android.sensor.accelerometer,1539034865490,85047927788056,2.3471193,8.363408,6.3851223
android.sensor.accelerometer,1539034865509,85047947729944,1.8920655,8.138277,5.944439
android.sensor.accelerometer,1539034865530,85047967671832,1.8729054,8.157437,5.470225
android.sensor.accelerometer,1539034865547,85047987613720,2.184258,8.487949,5.336104
android.sensor.accelerometer,1539034865567,85048007556766,2.2848487,8.315508,6.303692
android.sensor.accelerometer,1539034865587,85048027498654,1.8729054,8.076006,6.6821046
android.sensor.accelerometer,1539034865607,85048047440414,1.8489552,8.013736,5.9013286
android.sensor.accelerometer,1539034865627,85048067382302,2.198628,8.143066,5.015171
android.sensor.accelerometer,1539034865647,85048087324190,2.4572902,8.147857,5.384004
